t,a,n,rate_pct
1,1,1,0.9133
1,1,2,0.9108
1,1,3,0.9142
1,1,4,0.9142
1,1,5,0.9158
1,1,6,0.9158
1,1,7,0.9058
1,1,8,0.9108
1,1,9,0.9183
1,1,10,0.9292
1,2,1,1.85
1,2,2,1.8358
1,2,3,1.8342
1,2,4,1.8417
1,2,5,1.8358
1,2,6,1.83
1,2,7,1.8417
1,2,8,1.8183
1,2,9,1.8417
1,2,10,1.8225
1,3,1,1.8033
1,3,2,1.8175
1,3,3,1.8317
1,3,4,1.8308
1,3,5,1.8225
1,3,6,1.8208
1,3,7,1.8417
1,3,8,1.8483
1,3,9,1.8483
1,3,10,1.8383
1,4,1,1.8383
1,4,2,1.8175
1,4,3,1.8325
1,4,4,1.8275
1,4,5,1.8383
1,4,6,1.8425
1,4,7,1.8325
1,4,8,1.8342
1,4,9,1.845
1,4,10,1.8417
1,5,1,0.9208
1,5,2,0.925
1,5,3,0.92
1,5,4,0.9158
1,5,5,0.9242
1,5,6,0.92
1,5,7,0.9258
1,5,8,0.915
1,5,9,0.9267
1,5,10,0.9008
2,1,1,0.4883
2,1,2,0.4575
2,1,3,0.455
2,1,4,0.4542
2,1,5,0.4842
2,1,6,0.4633
2,1,7,0.4875
2,1,8,0.4933
2,1,9,0.4508
2,1,10,0.4542
2,2,1,0.8692
2,2,2,0.9267
2,2,3,0.9258
2,2,4,0.9075
2,2,5,0.9542
2,2,6,0.9358
2,2,7,0.9392
2,2,8,0.8967
2,2,9,0.9267
2,2,10,0.9333
2,3,1,0.92
2,3,2,0.9092
2,3,3,0.945
2,3,4,0.9133
2,3,5,0.9033
2,3,6,0.9292
2,3,7,0.905
2,3,8,0.9275
2,3,9,0.9075
2,3,10,0.915
2,4,1,0.9208
2,4,2,0.9458
2,4,3,0.8992
2,4,4,0.9242
2,4,5,0.89
2,4,6,0.9117
2,4,7,0.9092
2,4,8,0.8992
2,4,9,0.8908
2,4,10,0.9017
2,5,1,0.425
2,5,2,0.4942
2,5,3,0.485
2,5,4,0.4525
2,5,5,0.4642
2,5,6,0.4575
2,5,7,0.4517
2,5,8,0.4667
2,5,9,0.4533
2,5,10,0.43
3,1,1,0.9675
3,1,2,0.9392
3,1,3,0.9192
3,1,4,0.9367
3,1,5,0.9183
3,1,6,0.895
3,1,7,0.9292
3,1,8,0.9533
3,1,9,0.87
3,1,10,0.9592
3,2,1,1.8658
3,2,2,1.7417
3,2,3,1.795
3,2,4,1.8092
3,2,5,1.8783
3,2,6,1.865
3,2,7,1.8225
3,2,8,1.8083
3,2,9,1.8358
3,2,10,1.8433
3,3,1,1.9075
3,3,2,1.865
3,3,3,1.8267
3,3,4,1.83
3,3,5,1.7775
3,3,6,1.8575
3,3,7,1.855
3,3,8,1.8158
3,3,9,1.9025
3,3,10,1.82
3,4,1,1.7983
3,4,2,1.8542
3,4,3,1.7983
3,4,4,1.8408
3,4,5,1.83
3,4,6,1.8108
3,4,7,1.7783
3,4,8,1.8983
3,4,9,1.8325
3,4,10,1.84
3,5,1,0.8775
3,5,2,0.8767
3,5,3,0.9492
3,5,4,0.9483
3,5,5,0.945
3,5,6,0.9117
3,5,7,0.9325
3,5,8,0.8742
3,5,9,0.9808
3,5,10,0.9233
4,1,1,0.8975
4,1,2,0.8933
4,1,3,0.9075
4,1,4,0.9158
4,1,5,0.9525
4,1,6,0.9175
4,1,7,0.8892
4,1,8,0.9042
4,1,9,0.9017
4,1,10,0.9
4,2,1,1.7608
4,2,2,1.7875
4,2,3,1.8225
4,2,4,1.825
4,2,5,1.875
4,2,6,1.8467
4,2,7,1.8283
4,2,8,1.7833
4,2,9,1.8508
4,2,10,1.8475
4,3,1,1.8567
4,3,2,1.8325
4,3,3,1.8658
4,3,4,1.7842
4,3,5,1.8567
4,3,6,1.8433
4,3,7,1.7883
4,3,8,1.8683
4,3,9,1.8375
4,3,10,1.7992
4,4,1,1.8375
4,4,2,1.8442
4,4,3,1.845
4,4,4,1.8042
4,4,5,1.8158
4,4,6,1.8075
4,4,7,1.8375
4,4,8,1.8983
4,4,9,1.8017
4,4,10,1.8408
4,5,1,0.9508
4,5,2,0.8925
4,5,3,0.9333
4,5,4,0.9133
4,5,5,0.925
4,5,6,0.9483
4,5,7,0.935
4,5,8,0.9317
4,5,9,0.9142
4,5,10,0.9133
5,1,1,0.885
5,1,2,0.8958
5,1,3,0.76
5,1,4,0.9433
5,1,5,0.9658
5,1,6,0.9492
5,1,7,0.8733
5,1,8,0.8808
5,1,9,0.9383
5,1,10,1.005
5,2,1,1.7925
5,2,2,1.8033
5,2,3,1.8708
5,2,4,1.92
5,2,5,1.825
5,2,6,1.8
5,2,7,1.6983
5,2,8,1.8192
5,2,9,1.855
5,2,10,1.8608
5,3,1,1.9867
5,3,2,1.8042
5,3,3,1.8342
5,3,4,1.8717
5,3,5,1.7492
5,3,6,1.8967
5,3,7,1.8717
5,3,8,1.9408
5,3,9,1.755
5,3,10,1.7075
5,4,1,1.7508
5,4,2,1.6892
5,4,3,1.9583
5,4,4,1.7692
5,4,5,1.9942
5,4,6,1.9383
5,4,7,1.8858
5,4,8,1.7808
5,4,9,1.9408
5,4,10,1.7767
5,5,1,0.8708
5,5,2,0.9142
5,5,3,0.8933
5,5,4,0.8367
5,5,5,0.9975
5,5,6,0.9042
5,5,7,0.9892
5,5,8,1.1083
5,5,9,0.85
5,5,10,0.8192
6,1,1,0.4458
6,1,2,0.6542
6,1,3,0.5125
6,1,4,0.5508
6,1,5,0.51
6,1,6,0.5975
6,1,7,0.6483
6,1,8,0.4283
6,1,9,0.59
6,1,10,0.595
6,2,1,1.0733
6,2,2,1.3758
6,2,3,1.1983
6,2,4,1.1225
6,2,5,1.0633
6,2,6,0.985
6,2,7,1.1408
6,2,8,1.1233
6,2,9,1.0858
6,2,10,1.2375
6,3,1,1.4425
6,3,2,1.1708
6,3,3,1.215
6,3,4,1.155
6,3,5,0.9817
6,3,6,0.985
6,3,7,1.2083
6,3,8,1.1342
6,3,9,1.0267
6,3,10,1.0292
6,4,1,1.1442
6,4,2,0.9767
6,4,3,1.02
6,4,4,1.1367
6,4,5,1.2567
6,4,6,1.1592
6,4,7,1.28
6,4,8,1.0942
6,4,9,1.2325
6,4,10,1.0017
6,5,1,0.485
6,5,2,0.625
6,5,3,0.605
6,5,4,0.5792
6,5,5,0.6325
6,5,6,0.52
6,5,7,0.6508
6,5,8,0.615
6,5,9,0.47
6,5,10,0.4983
7,1,1,0.4667
7,1,2,0.5483
7,1,3,0.3983
7,1,4,0.3817
7,1,5,0.4283
7,1,6,0.5167
7,1,7,0.685
7,1,8,0.5983
7,1,9,0.6983
7,1,10,0.49
7,2,1,0.8992
7,2,2,1.1233
7,2,3,1.1692
7,2,4,1.2308
7,2,5,1.0933
7,2,6,1.1167
7,2,7,1.05
7,2,8,1.1075
7,2,9,0.9658
7,2,10,0.9683
7,3,1,1.3125
7,3,2,1.2858
7,3,3,1.315
7,3,4,1.0692
7,3,5,1.2342
7,3,6,1.1767
7,3,7,0.9025
7,3,8,1.1567
7,3,9,1.1117
7,3,10,1.1367
7,4,1,1.16
7,4,2,1.0858
7,4,3,1.14
7,4,4,1.1925
7,4,5,1.2508
7,4,6,1.0442
7,4,7,1.3117
7,4,8,1.16
7,4,9,1.4125
7,4,10,1.1225
7,5,1,0.5567
7,5,2,0.5658
7,5,3,0.5675
7,5,4,0.6283
7,5,5,0.61
7,5,6,0.5217
7,5,7,0.625
7,5,8,0.5458
7,5,9,0.5758
7,5,10,0.57
8,1,1,0.4908
8,1,2,0.3667
8,1,3,0.2508
8,1,4,0.4158
8,1,5,0.4642
8,1,6,0.395
8,1,7,0.5
8,1,8,0.3692
8,1,9,0.3558
8,1,10,0.5308
8,2,1,0.78
8,2,2,0.8608
8,2,3,1.165
8,2,4,0.7317
8,2,5,0.8942
8,2,6,0.9017
8,2,7,0.8958
8,2,8,0.9175
8,2,9,1.2083
8,2,10,1.1133
8,3,1,0.9433
8,3,2,0.84
8,3,3,0.9667
8,3,4,0.8458
8,3,5,1.0142
8,3,6,0.9258
8,3,7,0.8475
8,3,8,1.1033
8,3,9,0.9733
8,3,10,0.8258
8,4,1,1.07
8,4,2,0.9708
8,4,3,0.9092
8,4,4,0.9692
8,4,5,0.9208
8,4,6,1.0592
8,4,7,1.0075
8,4,8,0.9833
8,4,9,0.8108
8,4,10,0.8483
8,5,1,0.4417
8,5,2,0.47
8,5,3,0.625
8,5,4,0.3808
8,5,5,0.3525
8,5,6,0.6342
8,5,7,0.4808
8,5,8,0.535
8,5,9,0.5467
8,5,10,0.34
9,1,1,0.4225
9,1,2,0.3225
9,1,3,0.5642
9,1,4,0.3425
9,1,5,0.3042
9,1,6,0.5083
9,1,7,0.5475
9,1,8,0.35
9,1,9,0.7125
9,1,10,0.6692
9,2,1,0.8958
9,2,2,0.8183
9,2,3,0.7225
9,2,4,0.9108
9,2,5,1.0275
9,2,6,1.025
9,2,7,1.3392
9,2,8,0.9308
9,2,9,0.8075
9,2,10,0.9708
9,3,1,0.95
9,3,2,1.1075
9,3,3,0.7808
9,3,4,1.1467
9,3,5,1.1458
9,3,6,0.9483
9,3,7,0.9392
9,3,8,0.5708
9,3,9,0.8433
9,3,10,1.04
9,4,1,0.865
9,4,2,0.8508
9,4,3,1.3275
9,4,4,0.9992
9,4,5,0.9342
9,4,6,1.1275
9,4,7,0.8325
9,4,8,1.1933
9,4,9,0.8217
9,4,10,0.8342
9,5,1,0.6575
9,5,2,0.55
9,5,3,0.4142
9,5,4,0.4608
9,5,5,0.34
9,5,6,0.4967
9,5,7,0.4883
9,5,8,0.4333
9,5,9,0.4742
9,5,10,0.49
10,1,1,0.2125
10,1,2,0.3433
10,1,3,0.3508
10,1,4,0.5208
10,1,5,0.5117
10,1,6,0.3692
10,1,7,0.565
10,1,8,0.4158
10,1,9,0.42
10,1,10,0.355
10,2,1,0.7967
10,2,2,0.9108
10,2,3,1.1858
10,2,4,0.6933
10,2,5,0.6758
10,2,6,0.8233
10,2,7,1.17
10,2,8,1.1558
10,2,9,0.93
10,2,10,0.9692
10,3,1,0.8458
10,3,2,0.675
10,3,3,1.0267
10,3,4,0.8975
10,3,5,0.8717
10,3,6,0.9108
10,3,7,0.8033
10,3,8,0.9092
10,3,9,1.0117
10,3,10,0.7967
10,4,1,1.1142
10,4,2,0.9758
10,4,3,0.745
10,4,4,0.8933
10,4,5,0.7983
10,4,6,1.08
10,4,7,1.2425
10,4,8,0.9058
10,4,9,0.9842
10,4,10,0.9258
10,5,1,0.515
10,5,2,0.4408
10,5,3,0.6042
10,5,4,0.4717
10,5,5,0.5308
10,5,6,0.5008
10,5,7,0.115
10,5,8,0.6875
10,5,9,0.555
10,5,10,0.5433
